<?xml version="1.0" encoding="UTF-8"?>
<beans xmlns="http://www.springframework.org/schema/beans"
	xmlns:xsi="http://www.w3.org/2001/XMLSchema-instance" xmlns:aop="http://www.springframework.org/schema/aop"
	xmlns:tx="http://www.springframework.org/schema/tx" xmlns:context="http://www.springframework.org/schema/context"
	xmlns:mvc="http://www.springframework.org/schema/mvc"
	xsi:schemaLocation="http://www.springframework.org/schema/beans
		 http://www.springframework.org/schema/beans/spring-beans.xsd
		 http://www.springframework.org/schema/context
		http://www.springframework.org/schema/context/spring-context.xsd 
		 http://www.springframework.org/schema/tx 
		http://www.springframework.org/schema/tx/spring-tx.xsd
		 http://www.springframework.org/schema/aop 
		http://www.springframework.org/schema/aop/spring-aop.xsd
		 http://www.springframework.org/schema/mvc
        http://www.springframework.org/schema/mvc/spring-mvc.xsd">





	<context:component-scan base-package="com.hcl.pmoautomation" />
	<context:annotation-config/>



	<bean id="appProperties"
		class="org.springframework.beans.factory.config.PropertyPlaceholderConfigurer">
		<property name="locations">
			<list>
				<value>WEB-INF/dataBase/dataBaseSetup.properties</value>

			</list>
		</property>
	</bean>



	<bean id="jdbcTemplate" class="org.springframework.jdbc.core.JdbcTemplate"
		scope="singleton">
		<property name="dataSource" ref="dataSource" />
	</bean>
	
	

	<bean id="dataSource"
		class="org.springframework.jdbc.datasource.DriverManagerDataSource"
		scope="singleton">
		<property name="driverClassName" value="com.mysql.jdbc.Driver" />
		<property name="url" value="jdbc:mysql://localhost:3306/mydb" />
		<property name="username" value="root" />
		<property name="password" value="root" />
	</bean>



	<bean id="viewResolver"
		class="org.springframework.web.servlet.view.InternalResourceViewResolver">
		<property name="prefix" value="/WEB-INF/" />
		<property name="suffix" value=".jsp" />
	</bean>
	
   <bean id="messageSource"
        class="org.springframework.context.support.ReloadableResourceBundleMessageSource">
 
        <property name="basename" value="/WEB-INF/error-desc/message" />
   </bean>


</beans>













